{"cameraMode":{"drawMode":0,"name":"Shaded","section":"Shading Mode"},"sceneLighting":true,"audioPlay":false,"sceneViewState":{"m_AlwaysRefresh":false,"showFog":true,"showSkybox":true,"showFlares":true,"showImageEffects":true,"showParticleSystems":true,"showVisualEffectGraphs":true,"m_FxEnabled":true},"in2DMode":false,"pivot":{"x":8.014205932617188,"y":0.9033088684082031,"z":5.675797939300537},"rotation":{"x":0.32121095061302187,"y":-0.001436230493709445,"z":0.0004966471460647881,"w":0.9470318555831909},"size":6.88053035736084,"orthographic":false}